id;nom_de_famille;prenom;label;surnom;contact_1;contact_2;sexe;email;date_de_naissance;pays;ville;adresse;situation_matrimoniale;date_debut
1;Metal la;systems Dinar Frozen;Health Personal array;b Iceland;SDD Pants;firewall;JE_PREFERE_NE_PAS_LE_DIRE;Tatiana99@yahoo.fr;neural;override Account Kenyan;COM Fish;Ukraine withdrawal;JE_PREFERE_NE_PAS_LE_DIRE;2022-08-13
2;systematic platforms;withdrawal lavender;Pizza program;Unbranded bus c;Berkshire;Seamless reboot;JE_PREFERE_NE_PAS_LE_DIRE;Loc_Rolland@gmail.com;a d’Ivoire;Garden Games;navigate b Home;cutting-edge strategize;CELIBATAIRE;2022-08-13
3;Superviseur Bacon;Books;Marcadet Refined;fresh-thinking;b;invoice COM;M;La56@gmail.com;c;Cheese Avon Faubourg;Irak;indigo;MARIE;2022-08-13
4;Architecte open Account;Soft;Object-based bypassing Bedfordshire;mindshare online;Ball Gorgeous;e-business;F;Galle_Pierre20@hotmail.fr;de;Developpeur e-business content;bypassing Centre extend;Refined Singapour;FIANCE;2022-08-13
5;client-driven calculate;Designer Peso feed;Concrete Buckinghamshire;Soft;Jewelery Manager revolutionize;Midi-Pyrénées;M;Ocane_Richard@gmail.com;USB Specialiste;b Licensed a;Steel;Guinée;VEUF;2022-08-13
6;synthesizing invoice;Account PNG;Serbie Soap Monténégro;Lithuanian quantifying red;sky;TCP;M;Aymonde_Hubert@yahoo.fr;1080p;Agent;harness compress Cambridgeshire;Designer Exclusive convergence;MARIE;2022-08-14
7;plum invoice c;tertiary open-source a;Executif orchestration de;Beauty Gorgeous;array XSS Cross-platform;Visionary;F;Cyprien.Marchand@hotmail.fr;a;Provence-Alpes-Côte Computers a;compress Shoes ubiquitous;Manager;CELIBATAIRE;2022-08-13
8;Avon override;Picardie deposit;global Account;end-to-end paradigms withdrawal;card;multi-byte Public-key eyeballs;JE_PREFERE_NE_PAS_LE_DIRE;Alcine.Lemoine87@hotmail.fr;Versatile;hacking Coordinateur Gloves;clicks-and-mortar Joubert index;card Awesome;JE_PREFERE_NE_PAS_LE_DIRE;2022-08-13
9;Table;invoice RSS;mission-critical generating Languedoc-Roussillon;Marks Distributed;Géorgie c de;SCSI CSS;F;ric_Thomas@yahoo.fr;b Rustic;Concrete;Ergonomic Pizza Borders;deliverables b bricks-and-clicks;JE_PREFERE_NE_PAS_LE_DIRE;2022-08-13
10;ivory;a embrace Baby;back-end pink;Avon;Shirt a interface;primary bricks-and-clicks;M;Constance90@yahoo.fr;hack;Dahomey recontextualize;Account b overriding;Metical parse Dobra;CONCUBINAGE;2022-08-13
