id;nom_de_famille;prenom;contact_1;contact_2;email;sexe;date_de_naissance;pays;date_debut;forfait
1;Avon salmon;Steel calculating;deposit;hack Rustic;Marius.Olivier@gmail.com;M;Saint-Honoré;Bedfordshire Monitored;2022-08-13;AUJOURD_HUI
2;facilitate;Fantastic;Wooden bus;transmitter Graphic;Nicphore18@gmail.com;M;portals;b azure Naira;2022-08-13;AUJOURD_HUI
3;grid-enabled incentivize Norvège;Corse value-added;Integrated;c Small;Marceau8@yahoo.fr;JE_PREFERE_NE_PAS_LE_DIRE;Assistant methodical;Dauphine;2022-08-13;JOUR
4;Account mobile;white;vortals;navigating Bike lavender;Adrienne.Caron93@hotmail.fr;JE_PREFERE_NE_PAS_LE_DIRE;XSS Investment complexity;well-modulated;2022-08-13;JOUR
5;a;maximize Kids online;Borders Small;Pays-Bas Soap;Olympe_Renault@hotmail.fr;M;Luxembourg Guinée Shirt;Account dot-com dot-com;2022-08-14;JOUR
6;Sausages cross-platform;Architecte;Refined withdrawal;grey Sausages;Judith_Nicolas@yahoo.fr;M;Fantastic Movies withdrawal;c;2022-08-13;JOUR
7;mobile bypassing Ingenieur;Algerian Sleek Executif;mission-critical Dobra mint;haptic Intelligent;Mlisande_Laine97@gmail.com;M;invoice;digital GB Rubber;2022-08-13;MOIS
8;Incredible;well-modulated Dinar Pre-emptive;Rubber;blue deliverables;Annette_Menard@gmail.com;JE_PREFERE_NE_PAS_LE_DIRE;Incredible Loan;Champagne-Ardenne override hack;2022-08-13;MOIS
9;Kwacha;Monténégro;Computer deposit Borders;Refined;Janine80@gmail.com;M;web-enabled;Bike;2022-08-13;JOUR
10;portals generating;Rhône-Alpes Jewelery;e-business;Music;Adrehilde_Fernandez@gmail.com;JE_PREFERE_NE_PAS_LE_DIRE;parsing Account Steel;Angola;2022-08-13;JOUR
